subject,trial,eye,time,pupil,x_pos,y_pos,message
1,1,left,0,2.943952435344779,0.4780782860773775,0.4845417504993468,fixation
1,1,left,17,3.029757598182134,0.47689373088362325,0.4839912166974516,fixation
1,1,left,33,3.2612744313177604,0.4757867279509692,0.48716234078218246,fixation
1,1,left,50,3.1647889130798954,0.47558958843009375,0.4846394174227728,fixation
1,1,left,67,3.2225616771846415,0.4791626047072597,0.48442601549536507,fixation
1,1,left,83,3.4324499475863446,0.4774242046369362,0.48820921251139904,fixation
1,1,left,100,3.357618318532312,0.4781387286176679,0.48799876495192146,fixation
1,1,left,117,3.2347355427265,0.4777588670624374,0.48501082309582405,fixation
1,1,left,133,2.228498601050534,0.44162305819400127,0.4415447424680647,fixation
1,1,left,150,2.30018320857916,0.44097374336182754,0.44211727905958786,fixation
1,1,left,167,2.5134479274591084,0.44498630004149736,0.4414188788461884,fixation
1,1,left,183,2.4719072758376432,0.44422453484677765,0.4406158648807099,fixation
1,1,left,200,2.519359881160876,0.4447723470563619,0.4399239652933473,fixation
1,1,left,217,2.532057704920661,0.44445082029513455,0.4396330325621221,fixation
1,1,left,233,2.505345627284983,0.4402676646061673,0.44283960527914473,fixation
1,1,left,250,2.7776836512841117,0.442108437422196,0.44253561285989285,fixation
1,1,left,267,2.684856184395121,0.439030644017786,0.44498565102074555,fixation
1,1,left,283,2.4724038639188985,0.44098139140331977,0.4462097223756889,fixation
1,1,left,300,2.7710165081793616,0.44468296077515174,0.4460122954202752,fixation
1,1,left,317,2.683149336068258,0.4410760119605988,0.4430171308771175,fixation
1,1,left,333,2.650843531091368,0.443224443459249,0.4417848362078081,fixation
1,1,left,350,2.7605998970030656,0.4427533791438866,0.4407465464071439,fixation
1,1,left,367,2.702073449770265,0.43963966550144223,0.44125360819996284,fixation
1,1,left,383,2.7515042085391843,0.4361798012918702,0.44377182718041563,fixation
1,1,left,400,2.7789968106785303,0.433650899464892,0.44783434434330266,fixation
1,1,left,417,NA,NA,NA,fixation
1,1,left,433,2.951474848746572,0.42973908117515064,0.4506822233976301,fixation
1,1,left,450,4.004814348508272,0.46544403699748127,0.48958927018255705,fixation
1,1,left,467,3.8819204825938396,0.4698683207400657,0.4892984101515173,fixation
1,1,left,483,4.124597518231281,0.4675912569677911,0.4894365244278269,fixation
1,1,left,500,NA,NA,NA,fixation
1,1,left,517,2.9676439532013044,0.43171816049781586,0.534463310093003,fixation
1,1,left,533,3.081792475498702,0.43357761199183786,0.5359326143625848,fixation
1,1,left,550,3.0724545318153282,0.43088910800846825,0.5330212372005485,fixation
1,1,left,567,3.0564143211680985,0.43077498890978916,0.5345668837977318,fixation
1,1,left,583,NA,NA,NA,fixation
1,1,left,600,3.00076265976248,0.4312619865977768,0.5341176487710371,fixation
1,1,left,617,2.920759883376802,0.431161305954061,0.5343500728359196,fixation
1,1,left,633,2.875349497096347,0.43226063380441165,0.5349264629616155,fixation
1,1,left,650,2.844366466928439,0.4318620009601513,0.5351379304284476,fixation
1,1,left,667,2.7869493556725797,0.434066375105919,0.5320662410293295,fixation
1,1,left,683,2.807245943857385,0.4315300466746831,0.5333424136155497,fixation
1,1,left,700,2.6708058929459395,0.4292694834565594,0.533973805285045,fixation
1,1,left,717,2.981324763937686,0.43595384645735696,0.5335248159689803,fixation
1,1,left,733,2.8501765331940954,0.4353438634383041,0.5340421956877692,fixation
1,1,left,750,2.5799858550484385,0.43501475504496834,0.5341922786790089,fixation
1,1,left,767,2.612993182589587,0.4367894860351256,0.5347645935554525,fixation
1,1,left,783,NA,NA,NA,fixation
1,1,left,800,2.647893849579313,0.43677652543276785,0.5373776739327591,fixation
1,1,left,817,2.517423557052699,0.4378031847181952,0.5375213586411383,fixation
1,1,left,833,2.505488180196361,0.4374755037838935,0.5400641499149693,fixation
1,1,left,850,2.430357364405214,0.4375193631243171,0.541905987241456,fixation
1,1,left,867,2.3807713935531742,0.4376047428599477,0.5439701200258207,fixation
1,1,left,883,NA,NA,NA,fixation
1,1,left,900,2.2630860513787123,0.43988299613892085,0.5474541213067579,fixation
1,1,left,917,2.3863455542063226,0.43683623451170983,0.5473174359118649,fixation
1,1,left,933,2.028202538216074,0.4379526884420067,0.5510857473546518,fixation
1,1,left,950,2.189406375615526,0.4387757669042711,0.5482127260666132,fixation
1,1,left,967,3.388962754920089,0.3979303164024187,0.5245227512814836,fixation
1,1,left,983,3.3454513166864364,0.3965779003807135,0.5270781587474586,fixation
1,1,left,1000,3.3090273645483546,0.3954155885913342,0.5256230363244038,target
1,1,left,1017,3.168110900237848,0.39734042608687103,0.5241080310424657,target
1,1,left,1033,NA,NA,NA,target
1,1,left,1050,4.012524931092397,0.43327475886214906,0.47864587564085515,target
1,1,left,1067,3.955582671631276,0.4320276975171655,0.4782137011002361,target
1,1,left,1083,4.042150002237989,0.43174904796675984,0.4788774423381926,target
1,1,left,1100,4.00645152635988,0.4350896655878762,0.4744701087435794,target
1,1,left,1117,3.9177022714329475,0.43428090109749984,0.47529740065930587,target
1,1,left,1133,3.956474994890092,0.4364214456375727,0.47809956749165616,target
1,1,left,1150,4.022312427808031,0.4341891017285785,0.48151203542190035,target
1,1,left,1167,NA,NA,NA,target
1,1,left,1183,3.4966460627324407,0.43470328632652544,0.4854763187934571,target
1,1,left,1200,3.7855902069383656,0.4348656798136693,0.4824212447385422,target
1,1,left,1217,3.5732585456644688,0.4325686529666821,0.4810924206841103,target
1,1,left,1233,3.5363627130266937,0.43040097171359815,0.48068735330156376,target
1,1,left,1250,3.6706370916482762,0.4339425586389716,0.48146500826015926,target
1,1,left,1267,3.5045538199332675,0.43580820911222073,0.48152331526548775,target
1,1,left,1283,3.3780429887139833,0.43346802451323085,0.4789382977995601,target
1,1,left,1300,3.4875529643577727,0.43095890101671286,0.4823643114830757,target
1,1,left,1317,3.4271510982336673,0.430007775096545,0.4840488026498887,target
1,1,left,1333,3.415623139602514,0.43339407838752797,0.48446035208243576,target
1,1,left,1350,3.4300425646844968,0.43662721160243667,0.4871501962979099,target
1,1,left,1367,3.333443230428488,0.43615872966075586,0.4841420892812016,target
1,1,left,1383,3.416527048485365,0.43689584226443134,0.48599158426394173,target
1,1,left,1400,2.016125700645306,0.47763222398628136,0.5079739756523068,target
1,1,left,1417,2.058250284209746,0.477021741160111,0.5095957361152292,target
1,1,left,1433,2.1243710190754372,0.47557905318113053,0.5095480476389328,target
1,1,left,1450,2.050566540511707,0.4745950255097622,0.5108133997662222,target
1,1,left,1467,1.9695840407688718,0.4767011845867391,0.5132674822142795,target
1,1,left,1483,2.1149678801726988,0.4767277878354219,0.5133318485364594,target
1,1,left,1500,2.1001343594719244,0.478192003845624,0.5155230859030175,target
1,1,left,1517,2.0591055196557724,0.4785186205249346,0.5126662916502946,target
1,1,left,1533,2.0343961367865244,0.4807095855442846,0.5113961925817296,target
1,1,left,1550,1.9567473452127762,0.47977537993250896,0.5146387224985447,target
1,1,left,1567,2.1673509107892124,0.4779014759928953,0.5152026928114849,target
1,1,left,1583,1.9857074009356641,0.4798076638580491,0.5114950787497731,target
1,1,left,1600,2.281574064947192,0.4804092663771025,0.5086956402810884,target
1,1,left,1617,2.2358212651313627,0.47834855865373094,0.5082044773324595,target
1,1,left,1633,2.0812666727348903,0.4762012056676804,0.5096064451943161,target
1,1,left,1650,2.026966105393102,0.4734714946324545,0.5096943083298139,target
1,1,left,1667,NA,NA,NA,target
1,1,left,1683,2.2120415500064925,0.4735736199488034,0.5127931491056128,target
1,1,left,1700,2.1934993296857326,0.4761055625032942,0.515867130625602,target
1,1,left,1717,2.217408700601862,0.47712106042539226,0.5162811889710366,target
1,1,left,1733,2.193079902783527,0.4761063863507595,0.5158699617510585,target
1,1,left,1750,2.321801583872551,0.4771531486464223,0.5125621357149612,target
1,1,left,1767,2.2877542168419764,0.4755691470165908,0.5129150376427126,target
1,1,left,1783,2.2411571673535473,0.4745563635221288,0.5115474724807307,target
1,1,left,1800,2.4132855519531495,0.4756583894713284,0.5099035807141001,target
1,1,left,1817,2.5880940103047467,0.47405379899827466,0.5091866379472154,target
1,1,left,1833,2.4849499952638374,0.4782857328732096,0.5109009429978402,target
1,1,left,1850,2.65084664309645,0.4771652219360174,0.5075901199451253,target
1,1,left,1867,2.4769700629839306,0.47717559871835247,0.5068588790395603,target
1,1,left,1883,2.6829171055141545,0.4761424840374008,0.5068726073636715,target
1,1,left,1900,2.7909972714963294,0.4750299841075225,0.5052596606568571,target
1,1,left,1917,2.820482432548125,0.47257980710396347,0.505606489337495,target
1,1,left,1933,2.8528295454774564,0.47286782928112303,0.5066200857916,target
1,1,left,1950,2.830525799266614,0.47288539717106326,0.506183721813686,target
1,1,left,1967,2.862254218266179,0.4737988497174482,0.5019265181437776,target
1,1,left,1983,NA,NA,NA,target
1,2,left,0,3.0881178808925442,0.45363347699906326,0.49182943083497854,fixation
1,2,left,17,2.8584102569980647,0.4571835956027478,0.48943906986780644,fixation
1,2,left,33,3.245361218443142,0.4550484589375874,0.4869837201078078,fixation
1,2,left,50,3.152132479318811,0.45900760445232686,0.489176530626164,fixation
1,2,left,67,3.2621243316004755,0.4581965302253244,0.48717416643581857,fixation
1,2,left,83,4.106571528509155,0.41644177673183175,0.5168968488797296,fixation
1,2,left,100,4.085282846636754,0.4160163176405863,0.5172078496343862,fixation
1,2,left,117,4.137140102446313,0.41609085149517916,0.516632271953302,fixation
1,2,left,133,NA,NA,NA,fixation
1,2,left,150,4.31210025674798,0.4212474842952065,0.5218059494272856,fixation
1,2,left,167,4.386256631229786,0.42146568333834067,0.5192511212845162,fixation
1,2,left,183,4.570409221565139,0.41801698593534886,0.5184346909090297,fixation
1,2,left,200,4.44191498138108,0.4161440820494214,0.5177227239288705,fixation
1,2,left,217,NA,NA,NA,fixation
1,2,left,233,4.236057088613029,0.42134643609721295,0.5194726840351742,fixation
1,2,left,250,4.764354396838616,0.4173279742448991,0.5189335807168732,fixation
1,2,left,267,4.482994113302766,0.42003258868395715,0.5209465835095431,fixation
1,2,left,283,4.802729710001602,0.4184043257070109,0.5186823889952001,fixation
1,2,left,300,4.634535933733692,0.42230614376105674,0.5219735510908339,fixation
1,2,left,317,4.780462155640931,0.419702971309333,0.5230356014658105,fixation
1,2,left,333,4.642845528482629,0.4206430694842207,0.5214568608295773,fixation
1,2,left,350,4.729735122848908,0.4190498159553349,0.5219547369425753,fixation
1,2,left,367,4.722260351475415,0.4195243929603485,0.5211910488100037,fixation
1,2,left,383,4.7019719204411485,0.42323362607031223,0.5221397656289312,fixation
1,2,left,400,4.725652013911406,0.4269738501282755,0.5216092521330086,fixation
1,2,left,417,4.853422523672247,0.42815662955112094,0.5240555046365792,fixation
1,2,left,433,4.74374098851017,0.43163750670524764,0.5213367678382803,fixation
1,2,left,450,4.569133543304573,0.43488066509661516,0.5205497620507591,fixation
1,2,left,467,4.759570007436084,0.4331629307935841,0.5201319759791326,fixation
1,2,left,483,4.053195086677915,0.4735318047666133,0.4859342517966458,fixation
1,2,left,500,4.061558453307555,0.4712803228869379,0.48420125205945896,fixation
1,2,left,517,4.059479582425749,0.4720658255687539,0.48430968845641437,fixation
1,2,left,533,3.8237414564847656,0.4738524005633606,0.4836064403349688,fixation
1,2,left,550,4.022187088040617,0.4747663462432932,0.478587705115617,fixation
1,2,left,567,4.0717138331765295,0.4771449247014591,0.4809591279353422,fixation
1,2,left,583,4.089483511319584,0.47378684162420936,0.48133893095121294,fixation
1,2,left,600,3.923546466481783,0.4724530651143609,0.4861914334572016,fixation
1,2,left,617,3.895433494993668,0.47124835394885256,0.4876715142642845,fixation
1,2,left,633,4.055401245835617,0.47129874539302596,0.48656992560814294,fixation
1,2,left,650,3.716292461629219,0.4701530541161477,0.4922506643934513,fixation
1,2,left,667,3.813408755050792,0.4710510015528654,0.4977172346076844,fixation
1,2,left,683,3.8744555787725643,0.46905504704893886,0.4952108049031662,fixation
1,2,left,700,3.636239850742117,0.47211739735099345,0.49615466671253317,fixation
1,2,left,717,3.7930636528244843,0.47297669585442154,0.4959079118968993,fixation
1,2,left,733,3.9178384346462893,0.4717117809358497,0.4958238345573314,fixation
1,2,left,750,3.692562347202613,0.4721731893441767,0.4962500381958477,fixation
1,2,left,767,3.6261079628006097,0.4722972354418934,0.4940864331437818,fixation
1,2,left,783,3.6606068041309427,0.4731511743374492,0.49453460368714175,fixation
1,2,left,800,3.5426618198444246,0.4729315351080807,0.49803094746455745,fixation
1,2,left,817,3.6077722002852624,0.4708380234454271,0.49780492764144535,fixation
1,2,left,833,3.571271574419329,0.4693033079956261,0.4974883310309601,fixation
1,2,left,850,3.43415290524057,0.4700712803601389,0.5000575004947122,fixation
1,2,left,867,3.268060922684807,0.47332158361939425,0.5017986267523975,fixation
1,2,left,883,3.2046793659768302,0.4755139849966192,0.49859432449829544,fixation
1,2,left,900,3.227035112556581,0.4738415045741747,0.4992775664489089,fixation
1,2,left,917,3.315108242995826,0.4754493228912363,0.5024193369319021,fixation
1,2,left,933,2.987929000350878,0.47615426812084366,0.5053902898101357,fixation
1,2,left,950,2.942984183956139,0.47605371358522053,0.5059059695547052,fixation
1,2,left,967,3.0137390600174148,0.4769039212846673,0.5075526095617087,fixation
1,2,left,983,3.0658363565678948,0.4818542099404589,0.5051199449916157,fixation
1,2,left,1000,2.8822465234136643,0.4790960436006832,0.5056838630391299,target
1,2,left,1017,3.0095578612161815,0.479939407590118,0.5037483965784583,target
1,2,left,1033,2.901720297186125,0.4762456317508865,0.5027215640819407,target
1,2,left,1050,2.799186520359569,0.4779394442016814,0.5046171075121761,target
1,2,left,1067,2.8465126207123355,0.47958576805647846,0.5024151320074769,target
1,2,left,1083,2.752501667159824,0.4822469846230933,0.5029302254442564,target
1,2,left,1100,2.618905058556045,0.4786507251060208,0.5039516780503736,target
1,2,left,1117,2.6373813549820366,0.47892085604338547,0.5038414695774358,target
1,2,left,1133,2.630867596680201,0.48220705072975883,0.507456188486536,target
1,2,left,1150,2.554800306511845,0.481894303086267,0.5053130830340735,target
1,2,left,1167,2.407766816327696,0.4811453995174525,0.5066030206737131,target
1,2,left,1183,2.5149511835832645,0.4811840352585144,0.5064286448765304,target
1,2,left,1200,2.5021779898283247,0.48188775036353293,0.5054650859067644,target
1,2,left,1217,2.3736740903573654,0.48298341635966646,0.5065789130145636,target
1,2,left,1233,2.321442053699972,0.48503233346969327,0.5048077483395372,target
1,2,left,1250,2.2623854593809463,0.48576431561705424,0.5021888524881731,target
1,2,left,1267,2.451040718048971,0.4863202182351213,0.5010484666088312,target
1,2,left,1283,2.22961432593334,0.4904224039267902,0.5043683446834665,target
1,2,left,1300,2.155461226293187,0.4923352041060927,0.5047714126099833,target
1,2,left,1317,1.8921164670381698,0.4922619925786794,0.5056284693742431,target
1,2,left,1333,1.9603865572897958,0.48998328850283585,0.5054699667672168,target
1,2,left,1350,NA,NA,NA,target
1,2,left,1367,2.093006650872362,0.4891070643942759,0.5044556766336435,target
1,2,left,1383,2.0816446522999668,0.48898286103696453,0.5064852436158149,target
1,2,left,1400,2.120325034872043,0.4881911175161598,0.5076263460252298,target
1,2,left,1417,2.0056568468861307,0.4863048672451768,0.5060600820739172,target
1,2,left,1433,0.941137428743049,0.5293431219583072,0.4585084388158799,target
1,2,left,1450,0.7198882186756588,0.5282251148946621,0.46008930626243494,target
1,2,left,1467,0.6863243588119783,0.5313385384448375,0.4613714758328398,target
1,2,left,1483,0.6821799321064981,0.5337496620113609,0.4639631691232664,target
1,2,left,1500,1.5726409557827337,0.5756989841699433,0.5035525259085725,target
1,2,left,1517,1.4936011089594126,0.5726333029060661,0.5056096729614749,target
1,2,left,1533,1.5871320349458,0.5708245929429844,0.50794023881065,target
1,2,left,1550,1.4903945901493745,0.5703645592048813,0.5076123103140724,target
1,2,left,1567,1.4697237352033001,0.5708032854841099,0.5057281051561897,target
1,2,left,1583,1.506525381626096,0.5686927861594975,0.5032172553484067,target
1,2,left,1600,1.3752063627097315,0.5728853409033896,0.5044104547217043,target
1,2,left,1617,1.4632259559598022,0.5730051066240051,0.5040500873400556,target
1,2,left,1633,1.4582605234974628,0.5691518123019712,0.507762946317372,target
1,2,left,1650,1.7326677021096848,0.5696477264126991,0.5090558799492115,target
1,2,left,1667,1.5946998906248706,0.5686134528322403,0.5079399559358188,target
1,2,left,1683,1.7629264438582273,0.5689940763507219,0.5061608909470892,target
1,2,left,1700,1.8674448571895357,0.568638582316289,0.5047346963174694,target
1,2,left,1717,1.730612759119011,0.5689299710390892,0.5054791726526189,target
1,2,left,1733,3.0092654980993436,0.5218977268187015,0.5521995289600041,target
1,2,left,1750,2.8438334523679147,0.5220396251892223,0.5530031353246898,target
1,2,left,1767,2.9770135339897834,0.5234918611090231,0.5521261037367673,target
1,2,left,1783,3.1062086939047244,0.5197682464152814,0.5525174443821758,target
1,2,left,1800,NA,NA,NA,target
1,2,left,1817,3.1128903856228614,0.5237920625327102,0.5544897266759882,target
1,2,left,1833,3.503606439401436,0.5277790301725753,0.554828365533335,target
1,2,left,1850,3.236847044918787,0.5286875369071204,0.556058070586003,target
1,2,left,1867,3.3378185374299303,0.5281376385026604,0.5530013107410978,target
1,2,left,1883,3.4460883367360395,0.5288792475398066,0.5537046645399709,target
1,2,left,1900,3.429090535578663,0.5292020499871999,0.5517929557632036,target
1,2,left,1917,3.4186462055828217,0.5247066697325764,0.5501230955191428,target
1,2,left,1933,3.639428340412972,0.5222730267261342,0.5515735861984128,target
1,2,left,1950,3.056150932417872,0.4784980949320387,0.5099823210463584,target
1,2,left,1967,2.944255255764554,0.47766234407210006,0.5062545060196981,target
1,2,left,1983,3.056226734540306,0.47774520907889256,0.5099915510188061,target
1,3,left,0,3.159533273710626,0.4881334776520658,0.500105577745182,fixation
1,3,left,17,3.096054139781143,0.48742357670611947,0.49911621926518,fixation
1,3,left,33,NA,NA,NA,fixation
1,3,left,50,3.0259395203758688,0.48573759867091,0.5011701315250323,fixation
1,3,left,67,3.175473419116423,0.4812905040347048,0.5023260170530329,fixation
1,3,left,83,3.2311879225190396,0.478699987151117,0.5009777807251917,fixation
1,3,left,100,3.320377962129742,0.48049599289389805,0.4989206049810996,fixation
1,3,left,117,3.4703061271879743,0.4828468461929366,0.49924431528159935,fixation
1,3,left,133,NA,NA,NA,fixation
1,3,left,150,NA,NA,NA,fixation
1,3,left,167,3.549014192631775,0.48127463688165667,0.4987639275763357,fixation
1,3,left,183,3.5407678519428174,0.48312483124938244,0.5000168331246,fixation
1,3,left,200,3.6226055675032076,0.4837169248122741,0.49941510323403027,fixation
1,3,left,217,3.5481084184613314,0.4870237409878048,0.4995269793937464,fixation
1,3,left,233,3.7840881081352866,0.4879327472149276,0.4986387738726561,fixation
1,3,left,250,3.789775505752205,0.4880457303522584,0.5026930998666556,fixation
1,3,left,267,3.6074118246177576,0.485874296503704,0.5001606724913105,fixation
1,3,left,283,3.6936752079533615,0.48709889392594846,0.5009021814599176,fixation
1,3,left,300,3.79640746881439,0.4861533216790532,0.500756986798983,fixation
1,3,left,317,3.754461596544312,0.4846300227102824,0.4982201339976789,fixation
1,3,left,333,3.704798257147742,0.48667308315327523,0.4976056342457453,fixation
1,3,left,350,2.8309012419940345,0.5076499112911053,0.522334039345814,fixation
1,3,left,367,2.8879724181252366,0.5041383448317345,0.5213869326161396,fixation
1,3,left,383,2.7945481393437253,0.504842197425443,0.5190686096337295,fixation
1,3,left,400,NA,NA,NA,fixation
1,3,left,417,2.861154810298717,0.5043297036356592,0.5191609990631942,fixation
1,3,left,433,2.7912050561077004,0.4986270246322137,0.5177325486616682,fixation
1,3,left,450,NA,NA,NA,fixation
1,3,left,467,2.9076878580554624,0.4964248341316587,0.5163927879005377,fixation
1,3,left,483,3.1494943199574763,0.4981494124118965,0.5191097293570378,fixation
1,3,left,500,2.9498533153402198,0.4986358222151795,0.519205717081086,fixation
1,3,left,517,3.0388567118689327,0.4991582067503761,0.5167177375417389,fixation
1,3,left,533,2.952330694458176,0.498130889686825,0.5168089787023363,fixation
1,3,left,550,2.927490403870881,0.49872998814173247,0.517516019235993,fixation
1,3,left,567,2.8650665610913593,0.4983642462404977,0.5183604905151831,fixation
1,3,left,583,2.811585593984577,0.4997417228632315,0.5176219181930775,fixation
1,3,left,600,2.9923686197782864,0.49971379870565125,0.5209523875203741,fixation
1,3,left,617,1.7519798956518287,0.5203811728505975,0.5642554902894482,fixation
1,3,left,633,1.605520658042483,0.5239549158921551,0.5637859071598581,fixation
1,3,left,650,1.5908274637462854,0.5253866572565908,0.5620996806786246,fixation
1,3,left,667,1.5227207708735242,0.5254588539128731,0.5647293150864253,fixation
1,3,left,683,1.5915667814273116,0.5267896089417485,0.5656464690776702,fixation
1,3,left,700,1.5078524912099622,0.522228487280462,0.5632031882028652,fixation
1,3,left,717,NA,NA,NA,fixation
1,3,left,733,1.2123581390888432,0.520037913630429,0.5666669886159911,fixation
1,3,left,750,1.3406300955588661,0.5216112223463076,0.5676068638467069,fixation
1,3,left,767,1.2177314194767797,0.5213781695054488,0.5642713268702007,fixation
1,3,left,783,1.3388587804515457,0.520019464119795,0.5639098805788165,fixation
1,3,left,800,2.0562604795408337,0.4815160414051384,0.5255305817304188,fixation
1,3,left,817,3.156134861954399,0.46432973385634235,0.5005730651255416,fixation
1,3,left,833,3.1784051622435356,0.4621722006562803,0.4956971041587944,fixation
1,3,left,850,3.12905291150553,0.4619501435034161,0.4975954663436378,fixation
1,3,left,867,2.8961153645224083,0.4611104739305478,0.4944918683872417,fixation
1,3,left,883,2.7861237532768524,0.4594479440908385,0.4944913148300215,fixation
1,3,left,900,2.8025920732154823,0.4618904267311419,0.4916903270593227,fixation
1,3,left,917,2.6270849106512957,0.4592665819058284,0.49105118729232466,fixation
1,3,left,933,2.839148110184856,0.4595011723319481,0.4891809639204415,fixation
1,3,left,950,2.4748071455042036,0.45870103106757143,0.4898000717230967,fixation
1,3,left,967,2.4883182053235284,0.4593159330404084,0.48945264247486586,fixation
1,3,left,983,2.614606381792697,0.45866842849515166,0.48889246251225194,fixation
1,3,left,1000,NA,NA,NA,target
1,3,left,1017,2.5378180054958195,0.4542434029127497,0.4926973199573843,target
1,3,left,1033,2.303827131115674,0.4532562745855757,0.4948889405554042,target
1,3,left,1050,2.1854208977154883,0.4495623214867411,0.49525325462174585,target
1,3,left,1067,2.3947859243490757,0.4486998822469815,0.49521075770088896,target
1,3,left,1083,1.1646681247338653,0.4209856667019762,0.5377840212235295,target
1,3,left,1100,2.6138183033796354,0.40404491961772765,0.4928623290237674,target
1,3,left,1117,2.2333107246368735,0.40195948312754526,0.49567778127308276,target
1,3,left,1133,2.108753389747809,0.4024763538086475,0.4957064781714486,target
1,3,left,1150,2.3265546345590398,0.40275003274618865,0.49963910841703035,target
1,3,left,1167,2.3626965415690835,0.4035161017509322,0.5010467217764617,target
1,3,left,1183,2.138767469410664,0.4039259420684152,0.5022712267779413,target
1,3,left,1200,2.1990072639616938,0.40526511141216953,0.5018421266014994,target
1,3,left,1217,2.0281573391118393,0.40797274181887616,0.5037256259771353,target
1,3,left,1233,NA,NA,NA,target
1,3,left,1250,1.1705619238668477,0.44305458631016387,0.5390962979560486,target
1,3,left,1267,1.1486917154802665,0.4430583613719246,0.5389680493255853,target
1,3,left,1283,0.9341417875356455,0.44298426591752127,0.5386440821151194,target
1,3,left,1300,0.9643375712660713,0.441326083857455,0.5394824042730589,target
1,3,left,1317,0.9491813901920971,0.44198099262250257,0.5430166653797756,target
1,3,left,1333,0.9549098477519347,0.4433818688281779,0.5469207925383923,target
1,3,left,1350,1.9534628741074211,0.4656083412435359,0.50401143245283,target
1,3,left,1367,2.13541573559911,0.4637044652900836,0.5045907528038521,target
1,3,left,1383,1.963121112201453,0.4632657638296241,0.5096753802347486,target
1,3,left,1400,2.06731429109064,0.46189953515327054,0.51129127842336,target
1,3,left,1417,1.8637012839639842,0.46215282903095484,0.5083520427380794,target
1,3,left,1433,1.92351666276654,0.4626848609837174,0.506900410636622,target
1,3,left,1450,2.2164516083882573,0.46605540809484464,0.5066829199589071,target
1,3,left,1467,2.0582559079871343,0.46550189552773696,0.5087038246516757,target
1,3,left,1483,2.0065401058722285,0.4671162444951292,0.5077453785479064,target
1,3,left,1500,1.8866482040062826,0.4686159817046117,0.5086115822826537,target
1,3,left,1517,1.9355537781499816,0.46783871780948433,0.5060532117634496,target
1,3,left,1533,1.9125871213255627,0.4648621982988056,0.506741356467455,target
1,3,left,1550,2.06558984748088,0.46520927835522335,0.5059122656300511,target
1,3,left,1567,2.2356871920142254,0.4666315112484022,0.5092127995331789,target
1,3,left,1583,2.2027542601880334,0.4659130601967752,0.5122727661134275,target
1,3,left,1600,2.079959787718003,0.4669963500625386,0.5123874582525981,target
1,3,left,1617,2.0415516305801873,0.46629705848512304,0.5125905720545848,target
1,3,left,1633,2.2463747233391267,0.4683768600041382,0.513039817009518,target
1,3,left,1650,2.251263162976564,0.4688106501116834,0.5149819489808769,target
1,3,left,1667,2.1375779633868346,0.4683128598346809,0.5152004379964558,target
1,3,left,1683,2.3654919318663876,0.4698624757133122,0.5141043038526281,target
1,3,left,1700,2.2650336435487417,0.4697730282441451,0.5145226711623039,target
1,3,left,1717,2.1736793468132296,0.4728638069214588,0.512856844027321,target
1,3,left,1733,2.189490591703128,0.47560376658781844,0.5113661394182302,target
1,3,left,1750,2.2553150097002193,0.47752047930501407,0.5121233281920654,target
1,3,left,1767,2.4104997844511153,0.4788011443167161,0.5130022225661875,target
1,3,left,1783,2.3647311268871074,0.477295090880311,0.5135955963438671,target
1,3,left,1800,2.4017199751001903,0.4753484425915668,0.5137163264041389,target
1,3,left,1817,2.3801839011209416,0.4733823283441354,0.516511606755813,target
1,3,left,1833,NA,NA,NA,target
1,3,left,1850,2.590414963447533,0.47307707712180547,0.5149947555339095,target
1,3,left,1867,2.737355848571164,0.47185350214078653,0.5138661484863826,target
1,3,left,1883,2.6184369288530025,0.4709631794201018,0.5149435279504764,target
1,3,left,1900,2.629901596187572,0.4734050519144724,0.5146561435378367,target
1,3,left,1917,2.6585275290841537,0.4744836807052167,0.514732794408956,target
1,3,left,1933,2.8881124789832917,0.47465451661969116,0.5159378641047787,target
1,3,left,1950,2.8679441736465514,0.4723515509338332,0.5134710465251668,target
1,3,left,1967,2.8727857868218973,0.47169692989826395,0.5128259499652058,target
1,3,left,1983,3.0766211991513823,0.46959851473258735,0.516587912699746,target
2,1,left,0,3.2281966955726995,0.4752408541606775,0.48513112216678195,fixation
2,1,left,17,3.006407045820089,0.47254526626263205,0.48788976925216676,fixation
2,1,left,33,3.072768242712021,0.4731364675944318,0.48754920185191014,fixation
2,1,left,50,3.2459873949772327,0.47507978532697165,0.4859233488738861,fixation
2,1,left,67,3.3377615163189933,0.4754883903616384,0.4879249293736559,fixation
2,1,left,83,3.195075263237519,0.4736449591120684,0.48995215521370566,fixation
2,1,left,100,3.377983743427833,0.47643134711752533,0.4888813598452256,fixation
2,1,left,117,3.304725914782919,0.4761046249058232,0.48783172030487226,fixation
2,1,left,133,3.3137319621018295,0.4790477984703752,0.48842092354168026,fixation
2,1,left,150,3.519851398665349,0.48045606073999475,0.4888014968317006,fixation
2,1,left,167,3.514455427821437,0.48274282435289856,0.4899081830911514,fixation
2,1,left,183,3.587624883832296,0.48356006955959024,0.49331352940320833,fixation
2,1,left,200,3.533998289315443,0.4828397859400829,0.49272062005968464,fixation
2,1,left,217,3.8132531318049923,0.4811557775889406,0.4921395279302427,fixation
2,1,left,233,3.740224444551328,0.4797668118810446,0.49313793700611713,fixation
2,1,left,250,3.674317997924768,0.4802799177579344,0.4932802355123344,fixation
2,1,left,267,3.81811193255941,0.4802211188833119,0.49386992258322493,fixation
2,1,left,283,3.6603800440786616,0.48109732156516255,0.49397589870579484,fixation
2,1,left,300,3.7998718082142373,0.4803689038625073,0.4947279845428722,fixation
2,1,left,317,3.9835301695952707,0.48041409006234465,0.4915552709786374,fixation
2,1,left,333,3.8515078734157853,0.4798601270193035,0.49136141425459495,fixation
2,1,left,350,3.9862123285546174,0.4782930751378603,0.4906987795266522,fixation
2,1,left,367,3.895247597468165,0.47568042848644415,0.48806308609069937,fixation
2,1,left,383,3.707356594323843,0.4773707367243277,0.48759542931268496,fixation
2,1,left,400,3.8662453857930137,0.47740455707202345,0.48816400460933684,fixation
2,1,left,417,3.9909879029672855,0.47683030119764214,0.48852764301786156,fixation
2,1,left,433,2.783330024024843,0.43336546125844744,0.4524257273927905,fixation
2,1,left,450,2.588349529972692,0.43271721999014323,0.4540820458858332,fixation
2,1,left,467,2.6815447831814447,0.43106027106311795,0.4556001800562671,fixation
2,1,left,483,2.560946802924487,0.4294597688326144,0.45502360407120074,fixation
2,1,left,500,2.5564799632871864,0.4253120734348631,0.45238931161651597,fixation
2,1,left,517,2.578303842084479,0.42690790125599565,0.4516953035329197,fixation
2,1,left,533,2.7880705210531875,0.4284814260207993,0.45415904113642525,fixation
2,1,left,550,2.7375565969787434,0.4256861255921346,0.4540127484889124,fixation
2,1,left,567,2.692507133661749,0.4285104016700093,0.4507680627374878,fixation
2,1,left,583,2.731584604264622,0.4294303961783925,0.45188346852987166,fixation
2,1,left,600,2.561812799661,0.43015841262116583,0.45262388425386735,fixation
2,1,left,617,2.661793153049416,0.4297765922383501,0.45163356918302133,fixation
2,1,left,633,2.5857930961831235,0.42853241779079,0.4522132348886174,fixation
2,1,left,650,2.436387879474025,0.42921906152274436,0.45449636746125494,fixation
2,1,left,667,2.432198236262086,0.4303754815221478,0.45744141585023224,fixation
2,1,left,683,3.8337146640287334,0.47267147574525864,0.4939172392100564,fixation
2,1,left,700,3.818580233429894,0.47569018156003123,0.49359062128936865,fixation
2,1,left,717,3.7329650247152104,0.47548485853669015,0.49102999670556347,fixation
2,1,left,733,3.630402908162416,0.4725247702268583,0.4892898663551679,fixation
2,1,left,750,3.4838792184973313,0.47411971087679716,0.49371728862119896,fixation
2,1,left,767,3.696476913241078,0.4795614898075612,0.496346048058739,fixation
2,1,left,783,3.5835884618138274,0.4777382024092101,0.49592358934625985,fixation
2,1,left,800,3.625485125241283,0.4808436615509092,0.4944686549572197,fixation
2,1,left,817,NA,NA,NA,fixation
2,1,left,833,3.3554944344431155,0.47826774427587865,0.49648924374656406,fixation
2,1,left,850,3.422750551650361,0.47784116532018067,0.49653177851261726,fixation
2,1,left,867,3.2444487848966093,0.477218711873851,0.49529059536486214,fixation
2,1,left,883,3.138206053650668,0.48035347355974134,0.49731662871898674,fixation
2,1,left,900,3.3646943899054693,0.4813689878297017,0.4952505280212584,fixation
2,1,left,917,NA,NA,NA,fixation
2,1,left,933,3.08075315361612,0.48457466947485445,0.49972286628694634,fixation
2,1,left,950,3.104410972972734,0.48691640003601244,0.499127650033232,fixation
2,1,left,967,2.9657197519762994,0.4897617175613633,0.5017943857460838,fixation
2,1,left,983,3.058039563445135,0.4862427034075025,0.5030341369782159,fixation
2,1,left,1000,NA,NA,NA,target
2,1,left,1017,NA,NA,NA,target
2,1,left,1033,2.790961545780988,0.4764478857172766,0.5014175827317828,target
2,1,left,1050,2.71004236284061,0.47788854003505665,0.5006662716942827,target
2,1,left,1067,2.808267233278412,0.47767580638824264,0.5014997373786796,target
2,1,left,1083,2.7707660356592974,0.4783880964531445,0.5008678726391578,target
2,1,left,1100,2.7011460507188496,0.481020860177036,0.5009428711257743,target
2,1,left,1117,2.529980891798623,0.4794725023143375,0.502730819564892,target
2,1,left,1133,2.3874992980589145,0.4797657079674206,0.5009040619446187,target
2,1,left,1150,2.5722595383410876,0.4798261927992046,0.5037162063142203,target
2,1,left,1167,2.4558619423832124,0.4802727622878331,0.5075508566174477,target
2,1,left,1183,NA,NA,NA,target
2,1,left,1200,2.490097165759802,0.47994159976301787,0.5099489378290533,target
2,1,left,1217,2.256695051262872,0.4812524064177796,0.5091571091814141,target
2,1,left,1233,2.4214331200222543,0.48129724965516024,0.5097404687247787,target
2,1,left,1250,2.2286288179376372,0.4790994832714922,0.5087829833400792,target
2,1,left,1267,2.1635803512430907,0.480162599144187,0.5091524842552005,target
2,1,left,1283,2.181408158338004,0.48236065866614636,0.5082401945761539,target
2,1,left,1300,2.210292602047466,0.4853632842527097,0.5096960897719496,target
2,1,left,1317,2.122186682732323,0.4869760517247038,0.5104388710716903,target
2,1,left,1333,2.026864011738063,0.4854594298043537,0.5132232816572642,target
2,1,left,1350,2.0652201094731093,0.4850236733281091,0.5172058038341474,target
2,1,left,1367,1.8181841362742546,0.4834378002020427,0.5157120373741279,target
2,1,left,1383,2.003106238226561,0.4825396379900427,0.5178052690505358,target
2,1,left,1400,2.0837709785810836,0.4846663136908045,0.5147879736657863,target
2,1,left,1417,2.008146110364968,0.48458648208512994,0.5142091581651523,target
2,1,left,1433,2.083519889986625,0.48113150594554793,0.5160852232159264,target
2,1,left,1450,2.0556466348257723,0.4771524810019088,0.514699472639163,target
2,1,left,1467,2.0667418739575534,0.4775556050795395,0.5153197437664263,target
2,1,left,1483,2.0656916128301375,0.4780271320493095,0.5137654030853906,target
2,1,left,1500,1.8269258977382856,0.4734594426714978,0.5126539570306307,target
2,1,left,1517,2.0046817917068096,0.47125747356021547,0.5122268999749452,target
2,1,left,1533,2.173529696736063,0.47226107320966254,0.511451037573141,target
2,1,left,1550,1.9714894301122714,0.4752486783113336,0.5077352049108729,target
2,1,left,1567,2.076565910178268,0.47078623738143743,0.5080447254603164,target
2,1,left,1583,2.0600727327483703,0.46825442952377494,0.509340252690263,target
2,1,left,1600,2.1185419881643366,0.4661078236635201,0.5095403749389694,target
2,1,left,1617,2.0553571907957924,0.4665483346283166,0.5084585859280686,target
2,1,left,1633,2.040006778993338,0.4672472630463525,0.5101571488005644,target
2,1,left,1650,NA,NA,NA,target
2,1,left,1667,2.1775871033431224,0.4635307484100201,0.5075023804261776,target
2,1,left,1683,2.167819950122453,0.46191827789948814,0.5099054730904795,target
2,1,left,1700,2.2213125840346146,0.46140672737251354,0.5064589536550189,target
2,1,left,1717,2.293298153910713,0.460549781292412,0.5055594240806202,target
2,1,left,1733,2.2106233704637823,0.4630797908189864,0.5032833010679089,target
2,1,left,1750,2.4402721220732495,0.4623700024874955,0.502698360394703,target
2,1,left,1767,2.5863206908623426,0.4627534241163885,0.5049266376434463,target
2,1,left,1783,2.555671893885845,0.46166829263503834,0.5056743452072409,target
2,1,left,1800,2.405866418911169,0.4587586963575382,0.5070088584729566,target
2,1,left,1817,2.313905622495425,0.4592421780194177,0.5027108989790711,target
2,1,left,1833,2.5479044872356362,0.4579270576855879,0.5032938847176459,target
2,1,left,1850,2.6780775329343536,0.4628820852130913,0.5043796168512397,target
2,1,left,1867,2.7165690036064136,0.4631002358672897,0.50604983968847,target
2,1,left,1883,2.565498624595434,0.4631984403272227,0.5041356953885405,target
2,1,left,1900,2.627741700027642,0.4631560607301205,0.5060759039911726,target
2,1,left,1917,2.8037415598192172,0.4675823507019054,0.503090065496755,target
2,1,left,1933,2.9048700606002473,0.46807294570880675,0.5065515338262713,target
2,1,left,1950,2.981889566482698,0.46772019010239274,0.5050296494981232,target
2,1,left,1967,3.028863850763433,0.46566552620001106,0.5066317739228116,target
2,1,left,1983,2.9032024508033505,0.4639143672834274,0.5071481937258271,target
2,2,left,0,NA,NA,NA,fixation
2,2,left,17,2.9649213631736524,0.48795598258582357,0.49067734578100386,fixation
2,2,left,33,3.1399111405873863,0.48888293438705666,0.4901050977303073,fixation
2,2,left,50,2.9661362521344703,0.4879457744675735,0.4903105416555363,fixation
2,2,left,67,3.1146251447337105,0.483258149377836,0.48880946275745185,fixation
2,2,left,83,NA,NA,NA,fixation
2,2,left,100,3.1411468573819614,0.48344779110698366,0.4848149507999386,fixation
2,2,left,117,4.51242983161815,0.4507785626343984,0.45508531075117253,fixation
2,2,left,133,4.657137160873878,0.4485709239228091,0.4571189424026646,fixation
2,2,left,150,4.698573836470864,0.4487820236320527,0.4549180401299757,fixation
2,2,left,167,4.599667052941863,0.44855242749052504,0.4525799047294415,fixation
2,2,left,183,4.870895558316427,0.4494552375898107,0.451909063095141,fixation
2,2,left,200,4.761168883388523,0.453066283067709,0.45327573721937964,fixation
2,2,left,217,4.889215320581256,0.45077523989964696,0.4557906745562903,fixation
2,2,left,233,4.925304301055723,0.449589238856307,0.4610615463535036,fixation
2,2,left,250,5.052686992682352,0.4492884456522532,0.46272146410235976,fixation
2,2,left,267,5.012504771596264,0.44605666291241014,0.46347794670710746,fixation
2,2,left,283,5.039662562022465,0.4455113248958802,0.46789815520505507,fixation
2,2,left,300,5.250386783418643,0.4438978066584357,0.4672821881229681,fixation
2,2,left,317,5.151649746038512,0.4476660268463159,0.46668069483993396,fixation
2,2,left,333,5.204011728946491,0.44249077355960453,0.46734882749738993,fixation
2,2,left,350,5.213919032147393,0.4460064833816472,0.4641285984508146,fixation
2,2,left,367,5.245869138260941,0.4477252960760641,0.46084838760965446,fixation
2,2,left,383,5.341998759167526,0.4491208336541791,0.46379319395989266,fixation
2,2,left,400,5.219822102362225,0.4497063576779393,0.4633067966593965,fixation
2,2,left,417,5.264264606815293,0.44781056834774474,0.4626698398593121,fixation
2,2,left,433,5.448691338573975,0.4499431031848881,0.4607008207354984,fixation
2,2,left,450,5.207739083490933,0.44820402583621327,0.46016532423379175,fixation
2,2,left,467,5.396100952357919,0.44999280397708463,0.4619716733649006,fixation
2,2,left,483,5.209774084626317,0.4503745512754734,0.46133039944763876,fixation
2,2,left,500,5.442192727313695,0.45290952969655884,0.4614291005716112,fixation
2,2,left,517,5.202463940811201,0.4509117426703752,0.46287429587827944,fixation
2,2,left,533,5.18278025900941,0.44975625853738604,0.463354375673308,fixation
2,2,left,550,5.360219022793712,0.4509251329013314,0.4620609649105774,fixation
2,2,left,567,5.342686943552376,0.45177749438000175,0.4621321895698911,fixation
2,2,left,583,5.2882626050280885,0.4540248050747341,0.46035245084062515,fixation
2,2,left,600,5.2446273246294846,0.4548908433201368,0.4604040125471424,fixation
2,2,left,617,5.223074612055399,0.45426350521307923,0.4588956622170494,fixation
2,2,left,633,4.112093533252463,0.4904180817546224,0.49072081350764785,fixation
2,2,left,650,3.739831816685342,0.48881421180969936,0.48566156848867015,fixation
2,2,left,667,3.7584581210367776,0.49151139811433964,0.4866081982881988,fixation
2,2,left,683,3.70079535854621,0.4898748703218952,0.4854272412101061,fixation
2,2,left,700,3.894092776317874,0.48979561363485263,0.4897213054853505,fixation
2,2,left,717,3.7405366730479215,0.4868862168376868,0.48888907025335165,fixation
2,2,left,733,4.529799127139665,0.4655239851402995,0.44243687097680523,fixation
2,2,left,750,4.684047034568435,0.46262265996347274,0.44351757922249796,fixation
2,2,left,767,4.408798660206788,0.4615856560174491,0.44401506387959194,fixation
2,2,left,783,4.628143033040139,0.45873961584177686,0.4449492675770172,fixation
2,2,left,800,NA,NA,NA,fixation
2,2,left,817,4.470963664370479,0.45653498521855745,0.45087380313341235,fixation
2,2,left,833,4.325888068420117,0.45645504696286215,0.4507236473646391,fixation
2,2,left,850,4.20777162730667,0.45597973442309314,0.45469434715953577,fixation
2,2,left,867,4.181194388309346,0.4540528698377869,0.45592899329506525,fixation
2,2,left,883,4.283146845688904,0.45689887062834444,0.45687350375554475,fixation
2,2,left,900,4.269463376548075,0.45989901721456095,0.4594321212626456,fixation
2,2,left,917,3.880271351023982,0.46200347441021483,0.4597313844698932,fixation
2,2,left,933,4.338606918840549,0.45940154450540216,0.46128168733021985,fixation
2,2,left,950,4.202158905455445,0.4619846982510367,0.4603134027423578,fixation
2,2,left,967,3.8393327992161366,0.4593397689360558,0.46091705953684486,fixation
2,2,left,983,3.832706621437417,0.4592958756454299,0.4604720937523447,fixation
2,2,left,1000,3.71999633286477,0.4607170461224672,0.4599618328116685,target
2,2,left,1017,3.7243307888358306,0.4602389610782545,0.4634734718348424,target
2,2,left,1033,3.755117184183464,0.45987070629531096,0.46237747146997316,target
2,2,left,1050,3.6393347038647597,0.4604516494979743,0.46179951376650624,target
2,2,left,1067,NA,NA,NA,target
2,2,left,1083,3.6742938513358,0.462053653389949,0.46425730914926006,target
2,2,left,1100,3.2558596536074496,0.45875261209251345,0.46663574717958994,target
2,2,left,1117,3.3778734969883124,0.4582160386784971,0.465329753478714,target
2,2,left,1133,3.393305928197005,0.45850617989923753,0.46578983633034526,target
2,2,left,1150,2.440861908293872,0.4808399028419864,0.5118974401978389,target
2,2,left,1167,2.579664461151348,0.48044046512244004,0.5103198368701436,target
2,2,left,1183,2.3848803988646425,0.4789028460180539,0.5099952651210715,target
2,2,left,1200,2.3439663518951868,0.47643744920421394,0.5083006479548223,target
2,2,left,1217,2.464947814756017,0.4749306362105464,0.5101507525422254,target
2,2,left,1233,2.3904609947599034,0.4748356213464727,0.5099739456330457,target
2,2,left,1250,2.2549172196725222,0.4732492923124127,0.5090538452904902,target
2,2,left,1267,2.2021234201400457,0.4745999971895025,0.5076290420876718,target
2,2,left,1283,1.2821894358220773,0.4505003020437147,0.5503769436649342,target
2,2,left,1300,1.3265853628287352,0.44725104994380965,0.5475464709720527,target
2,2,left,1317,1.6277804625915988,0.4476642213386651,0.5414385554445443,target
2,2,left,1333,1.3381964245501603,0.44929695095089706,0.5454860406848566,target
2,2,left,1350,1.4097549185172351,0.4477072830734449,0.5467248894645677,target
2,2,left,1367,1.2789477886822955,0.44850965755638983,0.5480656926127495,target
2,2,left,1383,1.3399630281506658,0.44808912629941566,0.54382673286443,target
2,2,left,1400,0.5531242322400205,0.48834325639531584,0.5202959950214886,target
2,2,left,1417,0.6816868396979592,0.4866732135391075,0.5208958342084135,target
2,2,left,1433,0.48454633235870137,0.4871566575771157,0.5210128870134582,target
2,2,left,1450,0.35636493087179355,0.48493741197905954,0.5228979993844627,target
2,2,left,1467,0.6122547239464016,0.48412767690870573,0.5253296845510737,target
2,2,left,1483,0.4965362719897948,0.48163827417910215,0.5244707819865385,target
2,2,left,1500,0.6673472882403746,0.4800755101336557,0.5285024294987961,target
2,2,left,1517,0.5369262066645333,0.47979765204010705,0.5304502498101479,target
2,2,left,1533,0.6761196039703279,0.47879737335269523,0.5327251534027913,target
2,2,left,1550,0.5747832050790929,0.47757744536099345,0.5319471562691425,target
2,2,left,1567,1.370369410135007,0.5022500290447519,0.5665093962473751,target
2,2,left,1583,1.4922795125971327,0.4989236539510866,0.5646131161168864,target
2,2,left,1600,1.3909032148481604,0.49843584794829715,0.5648609245479556,target
2,2,left,1617,1.62502241780301,0.5001769570511665,0.5652799817782622,target
2,2,left,1633,1.4934814024900618,0.49740278869108856,0.5657768994528367,target
2,2,left,1650,1.3006087782955935,0.4947876716376424,0.5645689411853055,target
2,2,left,1667,1.483574904426951,0.499604037947285,0.5640112938610379,target
2,2,left,1683,1.3971022785769085,0.4997773087358038,0.5681978834879017,target
2,2,left,1700,2.1492960869665665,0.525036548996942,0.5236592453912632,target
2,2,left,1717,2.407046925694453,0.5245323727480593,0.5226901737193154,target
2,2,left,1733,2.501990923223849,0.5257186091652467,0.5204563159625888,target
2,2,left,1750,2.3991247675309686,0.5251522951576745,0.5176766000392207,target
2,2,left,1767,2.3823235312193467,0.5243735809231305,0.5171231049128938,target
2,2,left,1783,2.496711386333581,0.5243433433854505,0.5163579541735158,target
2,2,left,1800,2.445218776790934,0.523269537261429,0.5152080147319109,target
2,2,left,1817,2.7154576289577337,0.5220121613582439,0.5132130074799425,target
2,2,left,1833,2.748898092079564,0.5204233546270397,0.5134392787164387,target
2,2,left,1850,2.579484159961382,0.5226725872225384,0.5156959675508344,target
2,2,left,1867,2.725314547699833,0.5234527345144733,0.5149466328431008,target
2,2,left,1883,3.646958643428705,0.4802440659344542,0.5369771427524579,target
2,2,left,1900,3.5760143634223116,0.4810293650810312,0.5349878413317212,target
2,2,left,1917,3.6450824214310775,0.4817909166971741,0.5307333026491567,target
2,2,left,1933,3.737749684313498,0.48205045816628933,0.5277448958809766,target
2,2,left,1950,3.8110435556183644,0.48233287582618256,0.5260631102305745,target
2,2,left,1967,3.921612702593532,0.4806297457642508,0.5245710614587945,target
2,2,left,1983,3.9310202727144974,0.48041844523291927,0.521866634845516,target
2,3,left,0,2.9452199170947395,0.48911598736271494,0.5021766842952543,fixation
2,3,left,17,3.2077103356717953,0.48897698722945704,0.5062512446609919,fixation
2,3,left,33,3.3027725189734944,0.48730373941371613,0.5081207511562872,fixation
2,3,left,50,3.3604358332184256,0.48829289329977904,0.5065958384492971,fixation
2,3,left,67,3.2897475534603333,0.48911021861096066,0.5078104365080819,fixation
2,3,left,83,3.1959337526568814,0.4873288136526561,0.5060344340868009,fixation
2,3,left,100,3.3779733358676114,0.4870318618416562,0.5060704721508836,fixation
2,3,left,117,3.4405967318032395,0.48502117471357487,0.5071933816635366,fixation
2,3,left,133,3.5227475874606387,0.4840631429870565,0.5020198928839072,fixation
2,3,left,150,3.5431181495638406,0.4838026103532396,0.5024428254183354,fixation
2,3,left,167,3.509523147180143,0.484694681353278,0.5015602862256063,fixation
2,3,left,183,3.4591539019351845,0.4850731938466468,0.5005118820578728,fixation
2,3,left,200,3.701663351913086,0.48591187379447986,0.49669135256610714,fixation
2,3,left,217,4.8490704286094255,0.4550678885269888,0.46977727346772286,fixation
2,3,left,233,4.699087133447961,0.4578463348357013,0.46756658670319273,fixation
2,3,left,250,4.914478960000007,0.4575174269263638,0.47084251328342236,fixation
2,3,left,267,4.803519892318592,0.4546100898616778,0.4717594847609044,fixation
2,3,left,283,4.856278242064195,0.4550668769571191,0.4697588026833037,fixation
2,3,left,300,4.903161795915631,0.4554875546256717,0.4705491676184361,fixation
2,3,left,317,5.134954729417436,0.45568044002977626,0.4707137699942413,fixation
2,3,left,333,4.981279204796978,0.45667117637210974,0.4728588839268171,fixation
2,3,left,350,4.998946087765184,0.45360327263378886,0.4750167160968618,fixation
2,3,left,367,5.082568209133543,0.4518032077212562,0.4730629472130671,fixation
2,3,left,383,4.920544161859456,0.4498577503752295,0.47423856060619574,fixation
2,3,left,400,4.952416949850587,0.4518159495063339,0.4724393465071928,fixation
2,3,left,417,4.920096759594884,0.45351828643402947,0.4732097576465668,fixation
2,3,left,433,5.128004588416106,0.45683686298203297,0.47435032014721923,fixation
2,3,left,450,5.171782112804164,0.45562723115758147,0.4769476405710793,fixation
2,3,left,467,5.121915904222121,0.4559732553155537,0.4749355346288835,fixation
2,3,left,483,5.192701715524594,0.45855993419424107,0.4739009299528033,fixation
2,3,left,500,5.176424787018524,0.46170382566396456,0.4698908290748004,fixation
2,3,left,517,5.141213027680424,0.46162343761757635,0.4715488886162474,fixation
2,3,left,533,NA,NA,NA,fixation
2,3,left,550,5.128273917072257,0.46254274261190115,0.4741072023891507,fixation
2,3,left,567,5.105871029115773,0.4644457972691868,0.47434728086634037,fixation
2,3,left,583,5.067452113240684,0.4629627151646848,0.4750944037373587,fixation
2,3,left,600,3.8603700113257964,0.49117567300873627,0.5017527028361958,fixation
2,3,left,617,3.88354361042889,0.4914432218888912,0.5005215623934872,fixation
2,3,left,633,3.759240954019884,0.4929353638069128,0.5000366428434657,fixation
2,3,left,650,3.8566676844879617,0.4909789707635412,0.5042175913846658,fixation
2,3,left,667,3.9060657006160455,0.49171409077639566,0.5047343017479324,fixation
2,3,left,683,3.740044854926264,0.49235182659774235,0.504248478311598,fixation
2,3,left,700,3.777675604845696,0.4930856342891739,0.5048008536136953,fixation
2,3,left,717,3.7847049087134668,0.4909061146931916,0.5040027440550626,fixation
2,3,left,733,NA,NA,NA,fixation
2,3,left,750,3.6365611420599993,0.4915001565962636,0.5081291496609263,fixation
2,3,left,767,3.618998763300057,0.4918946503164162,0.5042170267578336,fixation
2,3,left,783,3.7185455004652317,0.49113005887718847,0.5031612093191579,fixation
2,3,left,800,3.727748246106439,0.4931885918258751,0.500376877393634,fixation
2,3,left,817,3.3333827724542022,0.4904664790683341,0.500531470687352,fixation
2,3,left,833,3.5347855718863204,0.4907442896285543,0.500406675858751,fixation
2,3,left,850,3.3433701559213813,0.48916696215105765,0.5020669353312008,fixation
2,3,left,867,3.4569565856435545,0.48656872362409453,0.4994614020017625,fixation
2,3,left,883,3.301084839363254,0.48594985882589775,0.4971605784336111,fixation
2,3,left,900,3.3472521016700103,0.4820559298104206,0.4966862076562871,fixation
2,3,left,917,3.1141060848518247,0.4809515256038541,0.49323371266637844,fixation
2,3,left,933,3.3428713388043234,0.4803745619075633,0.4950430348203872,fixation
2,3,left,950,NA,NA,NA,fixation
2,3,left,967,2.7644641970918014,0.4796991008538485,0.4916278885788169,fixation
2,3,left,983,3.0601988016206083,0.4785503559338215,0.49046948936930546,fixation
2,3,left,1000,3.218402172347503,0.4775284968487117,0.49255184103158417,target
2,3,left,1017,3.0873527623256263,0.47405520516623284,0.4948168651526902,target
2,3,left,1033,3.041026507183056,0.47617503688443386,0.4975275642473861,target
2,3,left,1050,2.718081541070197,0.47811924067727957,0.49825584512806975,target
2,3,left,1067,2.854271996679597,0.47699089806185624,0.49902460527299475,target
2,3,left,1083,2.922614682951645,0.4793176314820461,0.49963012683893415,target
2,3,left,1100,2.7087561746792206,0.4788747687829785,0.5041519026933212,target
2,3,left,1117,2.557627203901892,0.47723742157471294,0.5019682643819643,target
2,3,left,1133,2.644086771561454,0.47718118344048505,0.5025892275680196,target
2,3,left,1150,2.6223897301768617,0.47577960323700874,0.5023851463886778,target
2,3,left,1167,2.4010570796607356,0.4720072005927016,0.5043687777521262,target
2,3,left,1183,2.5062397397346974,0.47254533205937665,0.5080629671050406,target
2,3,left,1200,2.315429162489375,0.47317273460133574,0.5041762405551622,target
2,3,left,1217,2.471294407491712,0.4712475618841004,0.5011558869579746,target
2,3,left,1233,NA,NA,NA,target
2,3,left,1250,2.3185829363027293,0.46840799666263006,0.5001431884268651,target
2,3,left,1267,2.255959403664766,0.46547369684685713,0.4986167843174573,target
2,3,left,1283,2.0494352823430173,0.46364424691010897,0.49828062837431975,target
2,3,left,1300,2.27000419550619,0.4624583030322858,0.4969167787274622,target
2,3,left,1317,2.321876131927609,0.4621769360315387,0.5006901333955919,target
2,3,left,1333,2.095376738514626,0.46126447395766523,0.49886330090519815,target
2,3,left,1350,2.1010641855393035,0.46030057673348973,0.49866925671242773,target
2,3,left,1367,2.067387911909056,0.46066177226566163,0.49829860071501647,target
2,3,left,1383,2.0325763200289666,0.4609694486092888,0.5008659074036541,target
2,3,left,1400,1.9753382252734695,0.4601081912459114,0.49931993144624354,target
2,3,left,1417,2.149323037764199,0.4599690568768938,0.4970296496900997,target
2,3,left,1433,2.067510116011683,0.4575868213119161,0.4993892660442795,target
2,3,left,1450,2.0506012177296253,0.45925663704774655,0.5017891658496649,target
2,3,left,1467,2.0790085646106626,0.45683778138630066,0.49820213601452384,target
2,3,left,1483,1.962748576643207,0.4539241155567079,0.4975467124765387,target
2,3,left,1500,1.8430333784237365,0.4575496439505212,0.497724669483941,target
2,3,left,1517,NA,NA,NA,target
2,3,left,1533,1.9126995954689914,0.45680719395011393,0.49672057621783466,target
2,3,left,1550,2.0216857511635418,0.45752160969389233,0.49506385958290483,target
2,3,left,1567,2.170397342072669,0.4587172187978443,0.4969122676151841,target
2,3,left,1583,2.0210310365665065,0.4579824436530726,0.4967226461026326,target
2,3,left,1600,2.247465278405728,0.4612984041761627,0.4965494984309384,target
2,3,left,1617,1.8388796745194356,0.45956842144132176,0.4949040324524328,target
2,3,left,1633,2.1042837505757555,0.45745564095732355,0.4968059693415569,target
2,3,left,1650,2.2305017460963867,0.4577766727939032,0.49585116198540546,target
2,3,left,1667,2.20914563980171,0.4598710494400466,0.4961116854019056,target
2,3,left,1683,2.2025556908307986,0.46138498409162354,0.4986171645764238,target
2,3,left,1700,2.3101869409578497,0.45898610287088776,0.49757996818555966,target
2,3,left,1717,2.301938674992233,0.4585986989873911,0.4937023065362627,target
2,3,left,1733,2.303503076700391,0.4643069727718204,0.4937538563435304,target
2,3,left,1750,2.1465868221159834,0.46294197985468327,0.4915878889843824,target
2,3,left,1767,2.4631928195482966,0.4648966280382563,0.4947209896399607,target
2,3,left,1783,NA,NA,NA,target
2,3,left,1800,2.4398596783667834,0.4637875974971056,0.4955036476987259,target
2,3,left,1817,2.318152843549149,0.4595762627935743,0.4953747494714046,target
2,3,left,1833,2.565873012459844,0.4577807476342103,0.4966264752169413,target
2,3,left,1850,2.55135464971463,0.4541668339790048,0.4995086140371187,target
2,3,left,1867,2.676329947736375,0.4516280052373953,0.49961397770061905,target
2,3,left,1883,2.6497862159893426,0.4535928847587778,0.500997208423694,target
2,3,left,1900,2.8793891061956405,0.45424567952906086,0.5012040508117298,target
2,3,left,1917,2.68421023963121,0.4546265937243911,0.5039117230132004,target
2,3,left,1933,2.7730315400192196,0.4531578777702421,0.5082957709891294,target
2,3,left,1950,3.0871692000782653,0.45369359581141094,0.5063406761456664,target
2,3,left,1967,2.800127189638639,0.4528945902357967,0.5036118810836661,target
2,3,left,1983,2.889420394359886,0.45144345322802126,0.49949256237111606,target
3,1,left,0,2.9282096897840364,0.46651945028921904,0.4954741197699244,fixation
3,1,left,17,2.9657203476403655,0.46362331910166155,0.49597817164667357,fixation
3,1,left,33,3.0514113549180153,0.4638306913441384,0.4986730939012936,fixation
3,1,left,50,3.095469097141574,0.4637421029408942,0.4959603726219081,fixation
3,1,left,67,4.311075391592499,0.4928217300947581,0.46193996687660477,fixation
3,1,left,83,4.386614059035116,0.49295854913712106,0.46076189004522,fixation
3,1,left,100,4.520433516344592,0.49563892368022805,0.45973337261190517,fixation
3,1,left,117,4.164968273791926,0.4948308066219707,0.4592676419475545,fixation
3,1,left,133,4.508050500283674,0.4971607515358557,0.4618571995410604,fixation
3,1,left,150,4.474257203614091,0.49673364113431273,0.46781940977059444,fixation
3,1,left,167,NA,NA,NA,fixation
3,1,left,183,4.433110127991944,0.4957030119395483,0.47010510116593895,fixation
3,1,left,200,4.637349576474744,0.4960615069031112,0.466955585915237,fixation
3,1,left,217,4.604743368630942,0.4962007737337853,0.4676198989576491,fixation
3,1,left,233,4.757860329439046,0.4966410930803242,0.4625510437387159,fixation
3,1,left,250,4.6490660650383795,0.49501655431327257,0.46211322672457256,fixation
3,1,left,267,5.141024980246038,0.4957228403751699,0.46546886546427346,fixation
3,1,left,283,4.752210338734926,0.5015045292935978,0.4650518496840025,fixation
3,1,left,300,4.834015232743651,0.504590072895354,0.46506854713960977,fixation
3,1,left,317,4.768906503563757,0.5071342942740509,0.46502799703701747,fixation
3,1,left,333,4.8864632478875345,0.5059113416907577,0.4645715654727973,fixation
3,1,left,350,5.1571774948635865,0.5067526513314639,0.46474672977460096,fixation
3,1,left,367,4.927339332161717,0.5057858368813151,0.4620735383625607,fixation
3,1,left,383,5.046768363104065,0.5015808586407812,0.4612806516330933,fixation
3,1,left,400,4.908877405803727,0.5020360087965872,0.46048308153206985,fixation
3,1,left,417,5.171139435833083,0.5002038616263454,0.46150153023356877,fixation
3,1,left,433,5.075885949967592,0.5005898412350691,0.4618436033515926,fixation
3,1,left,450,4.966402476922429,0.4998430367887404,0.4606770805130549,fixation
3,1,left,467,5.067366813748931,0.5004379580395796,0.4615491671939702,fixation
3,1,left,483,5.009118399960606,0.5040646117899629,0.46465776446954077,fixation
3,1,left,500,5.099372471290889,0.5071346677157027,0.4618682798243643,fixation
3,1,left,517,4.965471883911235,0.5088720769054218,0.46206631428160894,fixation
3,1,left,533,5.087861937507705,0.5080339522522613,0.4609720967524521,fixation
3,1,left,550,NA,NA,NA,fixation
3,1,left,567,5.149792817946359,0.510382598398398,0.4605275237727771,fixation
3,1,left,583,3.992324894451321,0.48588698155479826,0.5011278064574142,fixation
3,1,left,600,3.979410257067616,0.48381271469266995,0.5018550658988248,fixation
3,1,left,617,3.969773054505815,0.4856534939037118,0.5003900534571615,fixation
3,1,left,633,3.9964554382120774,0.48330537622952885,0.5030404502501399,fixation
3,1,left,650,3.921677980893313,0.4810539774239571,0.5049299969919218,fixation
3,1,left,667,3.9177007644729347,0.4842330813379921,0.5029086916061722,fixation
3,1,left,683,3.892490523589097,0.4847560569612801,0.5034525900004719,fixation
3,1,left,700,3.820796611651365,0.4847006446788555,0.501159039604813,fixation
3,1,left,717,3.8371458089893773,0.4867076535597282,0.5041448163038784,fixation
3,1,left,733,3.7358359682135327,0.48585691609335274,0.5050687814661318,fixation
3,1,left,750,3.7940970511722707,0.48472649402660734,0.5070662898589756,fixation
3,1,left,767,3.611128228023694,0.4835101049480876,0.5077296693449206,fixation
3,1,left,783,3.0049434670278607,0.5044556050020308,0.5449882678102866,fixation
3,1,left,800,2.946266188185375,0.5031828398089238,0.5464555728069542,fixation
3,1,left,817,2.7914674475395844,0.5026395310912003,0.5441142977244042,fixation
3,1,left,833,2.973161367024764,0.5001385221424173,0.5408823004792352,fixation
3,1,left,850,2.6900911578540905,0.499853428302531,0.5401840678443056,fixation
3,1,left,867,2.8886938006526197,0.4986348365111015,0.5403912054258585,fixation
3,1,left,883,2.602105531227589,0.5011520116478452,0.5395586523246373,fixation
3,1,left,900,2.5605772426404,0.49990465292422404,0.5387420039408742,fixation
3,1,left,917,2.693909782124915,0.49835918351141806,0.540539496344747,fixation
3,1,left,933,2.5480257651763787,0.49885595467210964,0.5394154670886012,fixation
3,1,left,950,2.319548355975635,0.4986485933473719,0.541590768257521,fixation
3,1,left,967,2.6019098207834017,0.4983238444376771,0.5398075772346942,fixation
3,1,left,983,2.1499948687660537,0.49973360760731766,0.5392986877275074,fixation
3,1,left,1000,2.2768012661747328,0.49788831817507107,0.5377296110465334,target
3,1,left,1017,2.1412997632555446,0.49725281389458564,0.5368009702673389,target
3,1,left,1033,2.1840372900358123,0.49890004153390166,0.5346917590724107,target
3,1,left,1050,2.1975693351731405,0.5029608641288644,0.5355495250183792,target
3,1,left,1067,2.1037264695867357,0.4985389416639219,0.5378416983840121,target
3,1,left,1083,NA,NA,NA,target
3,1,left,1100,2.019569715780939,0.5001216682758058,0.5414585565188259,target
3,1,left,1117,2.013637142692623,0.4979621423662566,0.5385927639492782,target
3,1,left,1133,1.852991042750343,0.5004409121857296,0.5372672645827721,target
3,1,left,1150,1.6841370894371668,0.4996964156062337,0.5383164515935258,target
3,1,left,1167,1.75343399077045,0.5013707917475222,0.5398302749811011,target
3,1,left,1183,1.6114459240260288,0.5034152620343105,0.539890971923921,target
3,1,left,1200,1.8228689807356737,0.5054133815467504,0.543273024264198,target
3,1,left,1217,2.5330624734959644,0.4853657187913646,0.5096249171383171,target
3,1,left,1233,2.192485393605625,0.48113496761739216,0.5063003947257317,target
3,1,left,1250,2.1814044230418794,0.47819442373650173,0.5060823476018408,target
3,1,left,1267,2.1473457433499754,0.47976401925170986,0.5027993728745593,target
3,1,left,1283,2.280821818353919,0.47746922184165497,0.5010838866196059,target
3,1,left,1300,2.1744250975606003,0.47647745190017776,0.501440290070477,target
3,1,left,1317,2.191803028852289,0.4797704056404381,0.5017226264850287,target
3,1,left,1333,2.194061721661969,0.4788155896416411,0.5006981896781455,target
3,1,left,1350,2.118165998219101,0.47974500810498366,0.5010384106545726,target
3,1,left,1367,2.117160410201882,0.4795396288742892,0.4999962307462463,target
3,1,left,1383,1.9377008798916588,0.4758723803232034,0.4998297842034527,target
3,1,left,1400,2.031995528616797,0.47256828657464556,0.5005128261287608,target
3,1,left,1417,1.9634617413614845,0.47164148807080464,0.49976381313588136,target
3,1,left,1433,1.8842041873977395,0.47269889494496437,0.4983045879850728,target
3,1,left,1450,1.8901499571256843,0.47001574956139325,0.4970311976353124,target
3,1,left,1467,2.095938154093717,0.46644718251819633,0.4983453260675796,target
3,1,left,1483,1.8700324196239988,0.468509344579436,0.4970763045442284,target
3,1,left,1500,1.9603511711995423,0.4699328706010856,0.49656130470121357,target
3,1,left,1517,2.102522328627493,0.4706170901329283,0.4947160311301965,target
3,1,left,1533,2.0434489125905198,0.4726052316993259,0.4934486971883749,target
3,1,left,1550,2.084772676162152,0.4742391004453308,0.4939080228811098,target
3,1,left,1567,2.0644236017476927,0.4715020672224776,0.4922983036819949,target
3,1,left,1583,2.0308458259330733,0.47421192658684896,0.49161465411278255,target
3,1,left,1600,1.842869007849579,0.4717120916543041,0.48873651275786617,target
3,1,left,1617,2.0216763510231917,0.47067303227723756,0.4906571551745315,target
3,1,left,1633,1.967005911638192,0.4717409948524145,0.49475783937131684,target
3,1,left,1650,2.091799766836956,0.47195125909592334,0.4943174588087964,target
3,1,left,1667,2.362216327584476,0.47319158501144726,0.49534301404523023,target
3,1,left,1683,2.2001757194172282,0.474497551683222,0.49809791855837404,target
3,1,left,1700,2.146253889756635,0.47308036893365035,0.49732664173609364,target
3,1,left,1717,2.3410322046071834,0.47044157065750847,0.4963420581085697,target
3,1,left,1733,2.337379052357498,0.4686033012323419,0.4981137926806928,target
3,1,left,1750,2.3182693494428657,0.47003454592133387,0.49634937255202466,target
3,1,left,1767,2.3434815387352126,0.46846182484289967,0.4953932568116472,target
3,1,left,1783,2.393402802689313,0.4685868170702398,0.4942787117057856,target
3,1,left,1800,2.444166201424396,0.4714687520586026,0.4929646458531616,target
3,1,left,1817,2.5581473738635605,0.4700798731840902,0.4938575579735366,target
3,1,left,1833,2.555250359149364,0.4727703231088357,0.49337878906493243,target
3,1,left,1850,2.527312546304148,0.471059887109458,0.4976514223676379,target
3,1,left,1867,2.7221954832066366,0.4728628294273166,0.4918065604715177,target
3,1,left,1883,2.6186329072354453,0.4724524213507444,0.4933329996194639,target
3,1,left,1900,2.8699805993208547,0.4699886154518643,0.49153520320188515,target
3,1,left,1917,2.692349333642617,0.4726991905370741,0.49148393972161464,target
3,1,left,1933,2.9170604363371164,0.47361390556169536,0.4888351029754997,target
3,1,left,1950,3.0203760621652322,0.4721793298754936,0.4894642298005151,target
3,1,left,1967,NA,NA,NA,target
3,1,left,1983,2.988783915729947,0.47720688272181483,0.4934540597684019,target
3,2,left,0,2.0755085548924406,0.49377782761060407,0.5388836133425192,fixation
3,2,left,17,1.882702431617295,0.49522898247419056,0.5404558457621418,fixation
3,2,left,33,1.8911603133466697,0.49526179243521384,0.5391595237458701,fixation
3,2,left,50,2.091400304820531,0.4950629271004687,0.5408955951500243,fixation
3,2,left,67,2.1970804376048316,0.493571913808018,0.5379235806564556,fixation
3,2,left,83,2.2172785883671238,0.4938837198143114,0.5383346968224736,fixation
3,2,left,100,2.240087759099046,0.49478433159658997,0.5402225008311213,fixation
3,2,left,117,2.3397687736139607,0.4963201045660747,0.5373030497343563,fixation
3,2,left,133,2.273758249625816,0.4949553538484157,0.5358867748321203,fixation
3,2,left,150,2.420861526713737,0.49461405212032095,0.5355346777659415,fixation
3,2,left,167,2.361083948818233,0.49951141733999505,0.5312005285173084,fixation
3,2,left,183,2.408899335439609,0.49688375920350647,0.5310613365338291,fixation
3,2,left,200,2.5433672107409584,0.49682198855818144,0.5335996056226431,fixation
3,2,left,217,NA,NA,NA,fixation
3,2,left,233,2.5274305120362652,0.49662222258785405,0.5289024812431559,fixation
3,2,left,250,2.4973075101361544,0.49549947399693717,0.5281619453039131,fixation
3,2,left,267,3.6452020416908026,0.4696765841825083,0.49651713570349415,fixation
3,2,left,283,3.581811183682475,0.4675011157364089,0.49625460767974094,fixation
3,2,left,300,3.826548539442469,0.4666586814518784,0.4964903805301209,fixation
3,2,left,317,3.901671256753526,0.4691644192641594,0.4961212576268202,fixation
3,2,left,333,2.730243347860923,0.5101479335742432,0.467331417734501,fixation
3,2,left,350,2.485349081983698,0.51283128210234,0.4665989494997815,fixation
3,2,left,367,2.5498446449753565,0.5112307941890993,0.46383104637620626,fixation
3,2,left,383,2.6059669830398313,0.5124592735519516,0.46054004353765277,fixation
3,2,left,400,2.657683572587603,0.5125101292064635,0.46042123583531763,fixation
3,2,left,417,2.5685381313930735,0.5132516422109055,0.459512409906266,fixation
3,2,left,433,2.7530538939169906,0.5135613764571675,0.46121321194939796,fixation
3,2,left,450,2.6311667494784055,0.5160478350073026,0.4612905640112444,fixation
3,2,left,467,2.773909862511254,0.5151876495030896,0.4613926103447918,fixation
3,2,left,483,2.51595282416888,0.5178390600009132,0.4583466401609554,fixation
3,2,left,500,2.6633480439068062,0.5194809765441148,0.457537940648862,fixation
3,2,left,517,2.7120589025375823,0.5184352156453564,0.45715412833045177,fixation
3,2,left,533,2.623391144901494,0.51821774394421,0.4541222948959416,fixation
3,2,left,550,3.9374442052573695,0.47524924950358466,0.48592561900020725,fixation
3,2,left,567,3.9111544861708163,0.4736489780700308,0.4840550453328085,fixation
3,2,left,583,3.9721677138569467,0.472840488555125,0.48613586932944136,fixation
3,2,left,600,4.0722724295123625,0.47443585003519056,0.4867194651345173,fixation
3,2,left,617,3.8251928424752926,0.4765892253423958,0.48849613263855757,fixation
3,2,left,633,3.896717116742905,0.47476913351586386,0.4910063518133705,fixation
3,2,left,650,3.8348285797436175,0.4741699407809396,0.4902694326183525,fixation
3,2,left,667,3.9984120748895706,0.4775746053383371,0.49312029761684434,fixation
3,2,left,683,4.021482189077009,0.4751497392537788,0.4922998601419742,fixation
3,2,left,700,3.8480905400641476,0.47525404523529874,0.49463986316533604,fixation
3,2,left,717,3.7717319540925756,0.47601444671851295,0.49210812449169505,fixation
3,2,left,733,3.8666770128398893,0.4745889203391924,0.4910284563227285,fixation
3,2,left,750,3.6468068993824305,0.4721798752618574,0.4930132006587786,fixation
3,2,left,767,3.6482713271499327,0.4710024927423933,0.49599418306463067,fixation
3,2,left,783,3.7181384906420836,0.47637076295926534,0.49611634680228667,fixation
3,2,left,800,3.581140410462904,0.4761914438884639,0.4947478271225164,fixation
3,2,left,817,3.4788908782135506,0.4752783930139241,0.49658948769980193,fixation
3,2,left,833,3.499326663158902,0.4755998019154322,0.4962966983070272,fixation
3,2,left,850,3.3891203565668593,0.4736479202853994,0.49627779842232644,fixation
3,2,left,867,3.572721980748457,0.474714074191071,0.4967661285736049,fixation
3,2,left,883,3.29817907801347,0.4767223042513996,0.4988014148873165,fixation
3,2,left,900,3.3804111073576806,0.47629993742001847,0.4966369819567578,fixation
3,2,left,917,3.235484230880645,0.47575214754956474,0.4961283555861476,fixation
3,2,left,933,3.3167846214900387,0.47512470028461296,0.49706905133256785,fixation
3,2,left,950,3.2246891345605326,0.47586350958521706,0.49308606664088356,fixation
3,2,left,967,3.0142413497379152,0.4735557108434103,0.4953799262863434,fixation
3,2,left,983,3.0546026313170507,0.4726318151952104,0.493944314964948,fixation
3,2,left,1000,2.9590214854172143,0.4746253380738391,0.4923815889605617,target
3,2,left,1017,2.971161243321905,0.4773583960949558,0.49242492700262025,target
3,2,left,1033,2.8637472091089666,0.47625349782974613,0.49710743696837584,target
3,2,left,1050,2.8632839475092715,0.47344695803858605,0.4952422683406368,target
3,2,left,1067,2.752931896651106,0.4730448451197893,0.4926146654495307,target
3,2,left,1083,2.809229391138077,0.4734135719042276,0.49224574070886656,target
3,2,left,1100,2.694815255600054,0.4747227689420975,0.49501909603415145,target
3,2,left,1117,2.482683318854732,0.47404707234213855,0.4943179512026242,target
3,2,left,1133,2.5640432929386856,0.47341603922887426,0.49536166547342986,target
3,2,left,1150,2.4855056815523033,0.47714090981902174,0.49742638035589976,target
3,2,left,1167,2.585211510986922,0.47634847017504395,0.49430828417570405,target
3,2,left,1183,2.3142640293907717,0.4778077483749918,0.49547823164510996,target
3,2,left,1200,2.1823848705022755,0.4793866772086798,0.4940085169164095,target
3,2,left,1217,2.3928141676677672,0.47887305807103303,0.49442782755762077,target
3,2,left,1233,2.40122779386602,0.4822718644801636,0.49880783104714305,target
3,2,left,1250,2.3152390030706003,0.47961965989785754,0.4990539451403069,target
3,2,left,1267,2.3701773984701773,0.4773442456159399,0.5011546474132297,target
3,2,left,1283,2.292178341490261,0.4802977569537744,0.4989072905453596,target
3,2,left,1300,2.078259616005103,0.47694912946346246,0.4994854420803299,target
3,2,left,1317,2.235960746692578,0.47863715862548867,0.49952107628327547,target
3,2,left,1333,2.058037069708953,0.47791965921489266,0.49896002151899077,target
3,2,left,1350,2.203891293156728,0.47972294255197784,0.49995247593797437,target
3,2,left,1367,2.1716654371512867,0.48176630848692853,0.4963454373256995,target
3,2,left,1383,2.0489786023992353,0.47967895470462013,0.4996946895975464,target
3,2,left,1400,2.1449680726618388,0.47997778016517667,0.5042776539749652,target
3,2,left,1417,1.998282335599089,0.4801633084388676,0.5034989800090338,target
3,2,left,1433,NA,NA,NA,target
3,2,left,1450,1.7764049364092906,0.4793330832330532,0.5084923490695827,target
3,2,left,1467,1.897037971408163,0.4784893729329971,0.5069626021968449,target
3,2,left,1483,2.014842860782778,0.47579402128770276,0.506760562645866,target
3,2,left,1500,1.9497180069028897,0.4752899063086967,0.5111299894971458,target
3,2,left,1517,NA,NA,NA,target
3,2,left,1533,NA,NA,NA,target
3,2,left,1550,2.18093381139606,0.48039343576743576,0.5121775240805871,target
3,2,left,1567,NA,NA,NA,target
3,2,left,1583,2.6417544616290027,0.4575253187238758,0.5551352832715193,target
3,2,left,1600,2.5927781989857803,0.457297434892564,0.5545095201856258,target
3,2,left,1617,2.6637191005513774,0.4558105252632577,0.5557161937563492,target
3,2,left,1633,2.666427511737865,0.4533216436105286,0.5549266003051456,target
3,2,left,1650,2.6953440694722235,0.45373487175104343,0.551307300251326,target
3,2,left,1667,2.7238821026184206,0.44794801683141316,0.5529561779831291,target
3,2,left,1683,2.5479811180109646,0.4448651123870887,0.5553616389726453,target
3,2,left,1700,2.7975517738571014,0.4474923739092195,0.5555230297543523,target
3,2,left,1717,2.8443254548891015,0.4471544181525605,0.5536770419788745,target
3,2,left,1733,2.908802726131111,0.44891023983781053,0.552708319487638,target
3,2,left,1750,3.04235557150871,0.447947812693655,0.550364726636217,target
3,2,left,1767,2.9492479756701875,0.4500728093425167,0.5473352318646855,target
3,2,left,1783,2.435028550611548,0.47165359143948427,0.5069353785331613,target
3,2,left,1800,2.3085425730044586,0.471757768995577,0.5032543061148201,target
3,2,left,1817,2.5061518174912365,0.4727849116508698,0.5041569432141887,target
3,2,left,1833,2.386939503688911,0.4737295866494129,0.5032639860596615,target
3,2,left,1850,2.789899141376287,0.4728905170335433,0.5005000889451778,target
3,2,left,1867,2.6030560769280666,0.47567876842185763,0.5004449351972629,target
3,2,left,1883,2.723689391069243,0.4737611752935958,0.4998207344408179,target
3,2,left,1900,2.783190130944979,0.48037552138614015,0.5023351269158638,target
3,2,left,1917,NA,NA,NA,target
3,2,left,1933,2.8889500118025286,0.47903833071918167,0.5105597960431741,target
3,2,left,1950,2.78730640560057,0.479344262118043,0.513995751097561,target
3,2,left,1967,NA,NA,NA,target
3,2,left,1983,2.938119490911732,0.48059033240440663,0.5184117566754114,target
3,3,left,0,2.968187392886983,0.4627092111972913,0.5292394513430511,fixation
3,3,left,17,2.901345874348138,0.4625005179627654,0.5320212760362673,fixation
3,3,left,33,3.1569415384784465,0.46343283224986537,0.5313570966275281,fixation
3,3,left,50,3.2366987535894136,0.46241802252377917,0.5307768601789251,fixation
3,3,left,67,2.9945325861381633,0.46469499484474747,0.5314885379116847,fixation
3,3,left,83,3.444765327530802,0.4611913229531134,0.5317893269604937,fixation
3,3,left,100,3.4350352476955663,0.46110928125825373,0.5325138037074347,fixation
3,3,left,117,3.2346157029917495,0.46358429263074,0.5351767668140748,fixation
3,3,left,133,3.32952768732113,0.46583200562971905,0.535628223799288,fixation
3,3,left,150,3.478350256810001,0.46643069421861694,0.5309080666659318,fixation
3,3,left,167,3.540246846269434,0.4611742248998609,0.5318741749296018,fixation
3,3,left,183,3.4296384746872106,0.46505229951413785,0.5311360728477271,fixation
3,3,left,200,3.5283381409166017,0.46358997692410314,0.5329795654502475,fixation
3,3,left,217,3.9421292901034732,0.4650868273793001,0.5313751899209763,fixation
3,3,left,233,3.7674454608297867,0.46080348958051504,0.5308728964685806,fixation
3,3,left,250,3.8508120391725447,0.4598732243959962,0.5277490222352896,fixation
3,3,left,267,3.6684945561063618,0.4638070836024622,0.5248572057175165,fixation
3,3,left,283,3.7510682101385093,0.4642868055111571,0.5213791377104656,fixation
3,3,left,300,3.678509036694855,0.4649681983849902,0.5213728662954419,fixation
3,3,left,317,3.8794381078811524,0.466834290263963,0.5159690489033038,fixation
3,3,left,333,3.865366906899763,0.4647955177804357,0.5184881874492504,fixation
3,3,left,350,4.126345235948906,0.46406067997276607,0.5172389433268594,fixation
3,3,left,367,3.885623464387776,0.4649377023654128,0.5171036595825552,fixation
3,3,left,383,3.938229671871456,0.4680693162534983,0.520000962199891,fixation
3,3,left,400,3.860148061432035,0.4658828969606805,0.52071730596415,fixation
3,3,left,417,3.991748525124847,0.46637044737622146,0.5208945225219405,fixation
3,3,left,433,3.9020769520709933,0.46706984870931956,0.5201386232104006,fixation
3,3,left,450,3.8856321045637574,0.47523154166268283,0.5173602240383531,fixation
3,3,left,467,3.985314701433955,0.47847380564387215,0.51863874059579,fixation
3,3,left,483,3.9088857650605084,0.47356755433920616,0.5182301714912234,fixation
3,3,left,500,3.913663963694973,0.4729033653553101,0.5183139837257413,fixation
3,3,left,517,4.048799209155541,0.47432087116433186,0.5166103576069955,fixation
3,3,left,533,4.10183960528224,0.4752377938557777,0.5153316742711267,fixation
3,3,left,550,4.072211232393529,0.47469091811416764,0.5110053107477548,fixation
3,3,left,567,3.9744105869524593,0.4761291501922824,0.5079261681972682,fixation
3,3,left,583,3.9709296971382075,0.4747182601167693,0.5046252662795803,fixation
3,3,left,600,3.870288026265781,0.4751638366468258,0.5041013480305627,fixation
3,3,left,617,3.9571374540181745,0.4760416653936599,0.5019077624489088,fixation
3,3,left,633,4.006487921031499,0.47452670295391675,0.503154045458867,fixation
3,3,left,650,3.785896140444918,0.4742081954895409,0.5030785677828944,fixation
3,3,left,667,3.9570163826895177,0.47800589318372455,0.501985145003441,fixation
3,3,left,683,3.763739692601258,0.4770034652010804,0.4989800350882898,fixation
3,3,left,700,3.8410374883530802,0.4742063249096151,0.49749895844854974,fixation
3,3,left,717,3.6262566726304337,0.47577966531884813,0.49940224818717155,fixation
3,3,left,733,3.74716663795796,0.47418932427609856,0.5004021543701883,fixation
3,3,left,750,3.824038559337129,0.47312612048236846,0.49931044046032524,fixation
3,3,left,767,3.6461287165647716,0.47506553565743637,0.49508379199268,fixation
3,3,left,783,3.454839285957997,0.475102114747833,0.49409802692311217,fixation
3,3,left,800,3.733705680909981,0.47816201863178354,0.48833397888371594,fixation
3,3,left,817,3.444240080944261,0.4760367489225617,0.49246195891326155,fixation
3,3,left,833,3.382777693059174,0.4764207671389844,0.49241922976171765,fixation
3,3,left,850,3.3723332974019318,0.4750704466480835,0.4948319761373659,fixation
3,3,left,867,3.286173698133475,0.4751814658422517,0.49423554379866536,fixation
3,3,left,883,3.3562248191116506,0.47790015240077244,0.4986598876451648,fixation
3,3,left,900,3.3196517772400824,0.47859614101668807,0.4963583094964402,fixation
3,3,left,917,3.1992597545529877,0.47807455041519115,0.49788076873639114,fixation
3,3,left,933,3.2659820234468855,0.47926045959210106,0.4976361117579686,fixation
3,3,left,950,3.176196058140932,0.4765891052434044,0.4997270852552463,fixation
3,3,left,967,2.9512029479408226,0.478833112570531,0.4970505577447942,fixation
3,3,left,983,3.092358644834712,0.4780878720931776,0.5013431921080264,fixation
3,3,left,1000,2.843703485690286,0.47677711099742953,0.5021532864558643,target
3,3,left,1017,2.9125050243232082,0.4782212960168639,0.5010748940805112,target
3,3,left,1033,2.8410358525021615,0.4763683713995388,0.4986670737325925,target
3,3,left,1050,2.7363641543665174,0.4771172268013067,0.4959856416812754,target
3,3,left,1067,2.8772496112130743,0.47682423699009163,0.49245240754197683,target
3,3,left,1083,2.7162454716616327,0.4803661648292588,0.4890078376056889,target
3,3,left,1100,2.7153552709869566,0.47911439027057456,0.4890309511793333,target
3,3,left,1117,2.6097503338468746,0.48030112694969485,0.4909308989769831,target
3,3,left,1133,2.4776857176473315,0.4817425271612082,0.4917600841627677,target
3,3,left,1150,2.577291453713561,0.4810187045522508,0.48796853473209134,target
3,3,left,1167,2.393882494789936,0.4799010860866501,0.48821544772504427,target
3,3,left,1183,2.514386057990292,0.47822266641406125,0.4913771666373963,target
3,3,left,1200,2.6285914283887726,0.4788345066918982,0.4928490914222756,target
3,3,left,1217,2.3803636656774225,0.4807197306575412,0.49649300816845443,target
3,3,left,1233,2.374506336482257,0.47913143429423477,0.49754658460009965,target
3,3,left,1250,2.313669332701706,0.48145411463813453,0.49074350347543744,target
3,3,left,1267,2.359994136808401,0.48154012278477004,0.49259815374748706,target
3,3,left,1283,2.0770645278137674,0.48035214343741695,0.4927497373634342,target
3,3,left,1300,2.075631946909053,0.4783406729563835,0.48883850914153126,target
3,3,left,1317,2.150300230639545,0.479193824380732,0.48910316112151603,target
3,3,left,1333,2.110941279273763,0.4830426585988772,0.48786507993747025,target
3,3,left,1350,1.9782957667144307,0.4823790104784327,0.4868037676930348,target
3,3,left,1367,1.8969975199128453,0.48216482439739655,0.4876466198010989,target
3,3,left,1383,2.0067941572467736,0.48305493152939216,0.4867210788355414,target
3,3,left,1400,2.20269189462121,0.48229583562963513,0.48568427031937444,target
3,3,left,1417,2.2494884508572843,0.48144521122688105,0.4824719981530812,target
3,3,left,1433,2.098207652390865,0.48352654044957105,0.48315979193040376,target
3,3,left,1450,1.845015668064113,0.48012048736750634,0.4843051841693349,target
3,3,left,1467,2.077138692728027,0.4779310629128733,0.4848932684405683,target
3,3,left,1483,1.9460687567590913,0.47830817390963737,0.48766256732996116,target
3,3,left,1500,2.0135842242806405,0.4772803785007961,0.482761053995378,target
3,3,left,1517,2.072016808962382,0.4804312948955016,0.482944654036464,target
3,3,left,1533,2.1765162415569703,0.47834608589109784,0.48060350298350296,target
3,3,left,1550,2.0329764131194406,0.47786734414643983,0.48168038899600213,target
3,3,left,1567,1.9609435391126162,0.47653126998775663,0.4815339295653361,target
3,3,left,1583,2.1222276055052762,0.48008211541941165,0.47921271184870573,target
3,3,left,1600,2.1448171477807154,0.4826912385718829,0.4788591201505318,target
3,3,left,1617,2.172944569754377,0.4822582163831802,0.48167697944608595,target
3,3,left,1633,2.2192158171347374,0.48149240504514645,0.48071427506696573,target
3,3,left,1650,2.1584835556057382,0.47967550009319826,0.47735309482793115,target
3,3,left,1667,2.062479236008544,0.47834774830316373,0.47930095616034757,target
3,3,left,1683,2.1996750052030882,0.47654619357993666,0.4815856004351657,target
3,3,left,1700,2.0419548216701244,0.47506716839881685,0.4804151220436448,target
3,3,left,1717,2.367243424480241,0.4750459516476014,0.4838310808872552,target
3,3,left,1733,2.3388084821799198,0.47485150142727717,0.48328615897873695,target
3,3,left,1750,2.3965739402548905,0.47532201830812437,0.4806559269838085,target
3,3,left,1767,2.3823534894399545,0.4775936398475599,0.47994212966320293,target
3,3,left,1783,2.168828962115132,0.48042826671755634,0.48066509561277576,target
3,3,left,1800,2.3903395426769176,0.4757322836351951,0.4817679111312743,target
3,3,left,1817,2.590626706547368,0.4749848752917795,0.48252253857170885,target
3,3,left,1833,2.5151152555089644,0.47687997134862353,0.48488374207555957,target
3,3,left,1850,2.673753793426378,0.47892847062131705,0.48527721834392834,target
3,3,left,1867,2.5449959349008506,0.4770459426031113,0.4865994997499849,target
3,3,left,1883,2.7142853839297243,0.4776781779608089,0.48840606896851,target
3,3,left,1900,2.6842538799396856,0.4815290353870584,0.48839696505678276,target
3,3,left,1917,2.7254515600769387,0.4811512515899985,0.48636486094987436,target
3,3,left,1933,2.8236783716243976,0.48557088530730363,0.485609636922641,target
3,3,left,1950,3.06607252193478,0.48070365567442586,0.48331179760373305,target
3,3,left,1967,2.964446168819842,0.48433880356387526,0.4836509273415184,target
3,3,left,1983,3.0222438460532843,0.480351120556029,0.4844341141810258,target
